{
  "TranslationProperties": {
    "Name": "server.items.Banner.name",
    "Description": "server.items.Banner.description"
  },
  "InteractionConfig": {
    "Priorities": {
      "Secondary": {
        "MainHand": 1,
        "OffHand": -1
      }
    },
    "AllEntities": false
  },
  "Interactions": {
    "Primary": {
      "Interactions": [
        {
          "Type": "UseNPC"
        }
      ]
    },
    "Secondary": {
      "Interactions": [
        {
          "Type": "UseNPC"
        }
      ]
    }
  },
  "Recipe": {
    "TimeSeconds": 0.5,
    "Input": [
      {
        "ItemId": "Ingredient_Fibre",
        "Quantity": 1
      },
      {
        "ItemId": "Ingredient_Tree_Sap",
        "Quantity": 1
      },
      {
        "ItemId": "Ingredient_Stick",
        "Quantity": 1
      }
    ],
    "OutputQuantity": 4,
    "BenchRequirement": [
      {
        "Type": "Crafting",
        "Categories": [
          "Tools"
        ],
        "Id": "Fieldcraft"
      },
      {
        "Id": "Workbench",
        "Type": "Crafting",
        "Categories": [
          "Workbench_Survival"
        ]
      }
    ]
  },
  "Categories": [
    "Furniture.Lighting"
  ],
  "Utility": {
    "Usable": true
  },
  "PlayerAnimationsId": "Torch",
  "IconProperties": {
    "Scale": 0.3,
    "Rotation": [
      22.5,
      87,
      22.5
    ],
    "Translation": [
      -32,
      -127
    ]
  },
  "Icon": "Icons/ItemsGenerated/Torch.png",
  "ResourceTypes": [
    {
      "Id": "Fuel"
    },
    {
      "Id": "Charcoal"
    }
  ],
  "Scale": 1.6,
  "Tags": {
    "Type": [
      "Furniture"
    ],
    "Family": [
      "Crude"
    ]
  },
  "ItemSoundSetId": "ISS_Blocks_Wood",
  "Model": "Items/Banner/Banner.blockymodel",
  "Texture": "Items/Banner/Texture/Banner_Texture.png"
}
