{
  "TranslationProperties": {
    "Name": "server.items.Wooden_Automata_Kit.name"
  },
  "Quality": "Common",
  "PlayerAnimationsId": "Item",
  "Interactions": {
    "Primary": {
      "Interactions": [
        {
          "Type": "SpawnNPC",
          "EntityId": "Wooden_Automata",
          "SpawnOffset": {
            "X": 0,
            "Y": 0.5,
            "Z": 0
          }
        }
      ]
    }
  },
  "Model": "Items/Consumables/Food/Egg.blockymodel",
  "Texture": "Items/Consumables/Food/Egg_White_Texture.png",
  "Icon": "Icons/ItemsGenerated/Food_Egg_White.png",
  "IconProperties": {
    "Rotation": [
      22.5,
      45,
      22.5
    ],
    "Scale": 0.7,
    "Translation": [
      0,
      -5.4
    ]
  },
  "Tags": {
    "Type": [
      "Food"
    ]
  },
  "Recipe": {
    "Input": [
      {
        "ItemId": "Ingridient_Stick",
        "Quantity": 10
      },
      {
        "ItemId": "Ingridient_Life_Essence",
        "Quantity": 10
      }
    ]
  }
}
