{
  "Type": "Variant",
  "Reference": "Template_Animal_Neutral",
  "Modify": {
    "Appearance": "FriendlySkeleton",
    "DropList": "Drop_Kweebec_Sapling_Razorleaf",
    "MaxHealth": 35,
    "IsMemory": true,
    "MaxSpeed": 15,
    "AbsoluteDetectionRange": 50,
    "LovedItems": [
      "Banner"
    ],
    "MemoriesCategory": "Kweebec",
    "MemoriesNameOverride": "Kweebec_Sapling",
    "NameTranslationKey": {
      "Compute": "NameTranslationKey"
    }
  },
  "Parameters": {
    "SeparationDistance": 0.5,
    "SeparationWeight": 1,
    "SeparationDistanceTarget": 0.5,
    "SeparationNearRadiusTarget": 0.5,
    "SeparationFarRadiusTarget": 1,
    "NameTranslationKey": {
      "Value": "server.npcRoles.Aha.name",
      "Description": "Translation key for NPC name display"
    }
  }
}
